id,ip_address,,first_name,last_name,email,gender,Marks
1,9.70.175.242,,Gene,Josefson,gjosefson0@list-manage.com,Female,94
2,30.172.41.51,,Alexei,Folkard,afolkard1@istockphoto.com,Male,85
3,25.51.141.74,,Sibbie,Strutz,sstrutz2@google.ca,Male,33
4,159.28.127.100,,Kellen,Speirs,kspeirs3@bigcartel.com,Male,25
5,39.215.70.180,,Lanae,Risman,lrisman4@techcrunch.com,Female,78
6,83.155.120.225,,Juanita,Blunsen,jblunsen5@bloglines.com,Male,63
7,180.70.184.190,,Ester,Lassell,elassell6@multiply.com,Male,42
8,235.189.77.251,,Devon,MacAllen,dmacallen7@mapy.cz,Male,44
9,140.135.82.75,,Laird,Roddy,lroddy8@cocolog-nifty.com,Male,94
10,48.150.74.125,,Binny,Goodlatt,bgoodlatt9@issuu.com,Female,66
11,163.119.106.202,,Nissy,Kolyagin,nkolyagina@amazon.de,Male,86
12,155.16.5.63,,Amitie,Kornousek,akornousekb@smh.com.au,Female,58
13,23.150.131.238,,Tomasine,Kinsella,tkinsellac@live.com,Polygender,69
14,169.98.93.70,,Rik,Barrabeale,rbarrabealed@go.com,Male,35
15,50.183.2.2,,Caroljean,Purkiss,cpurkisse@sitemeter.com,Female,43
16,24.88.241.249,,Vonni,Bescoby,vbescobyf@ted.com,Genderqueer,27
17,21.177.88.165,,Perla,Godar,pgodarg@census.gov,Female,65
18,173.49.98.65,,Flo,Defau,fdefauh@seattletimes.com,Male,54
19,90.103.107.28,,Engelbert,Godsmark,egodsmarki@elegantthemes.com,Non-binary,32
20,10.119.39.169,,Donella,Cayford,dcayfordj@acquirethisname.com,Female,71
21,32.251.226.80,,Rosaline,Stampfer,rstampferk@tinyurl.com,Female,83
22,171.31.187.87,,Kaitlin,Pryn,kprynl@ihg.com,Genderqueer,35
23,23.8.124.163,,Bobbye,Sephton,bsephtonm@cisco.com,Genderqueer,39
24,55.248.131.71,,Farlie,Cumo,fcumon@chronoengine.com,Female,25
25,4.152.77.165,,Stirling,Prophet,spropheto@webeden.co.uk,Female,54
26,112.82.213.137,,Krishna,Bosher,kbosherp@ebay.co.uk,Male,49
27,68.81.204.6,,Hunfredo,Basten,hbastenq@prweb.com,Female,71
28,29.241.19.98,,Klarika,Fearnley,kfearnleyr@geocities.com,Female,81
29,92.59.209.83,,Gerty,Aires,gairess@behance.net,Male,97
30,171.130.117.125,,Joela,Bangley,jbangleyt@woothemes.com,Genderfluid,26
31,71.186.140.139,,Krissie,Clayden,kclaydenu@unicef.org,Male,100
32,91.64.32.227,,Nonah,Swinney,nswinneyv@wisc.edu,Female,72
33,57.223.39.188,,Matty,Willatts,mwillattsw@barnesandnoble.com,Male,79
34,137.229.146.2,,Chrisy,Rollings,crollingsx@printfriendly.com,Male,96
35,227.173.19.169,,Carmella,Woodall,cwoodally@auda.org.au,Male,69
36,32.206.163.54,,Prudi,Atchly,patchlyz@japanpost.jp,Agender,70
37,95.79.210.212,,Maggi,Holtum,mholtum10@imgur.com,Non-binary,62
38,169.85.59.95,,Renaldo,Dene,rdene11@abc.net.au,Female,51
39,92.232.135.91,,Tadio,Clucas,tclucas12@vinaora.com,Male,42
40,38.242.167.238,,Vladamir,Goolding,vgoolding13@prweb.com,Female,33
41,12.53.91.53,,Euphemia,Wiltshire,ewiltshire14@netscape.com,Female,84
42,131.52.168.103,,Hobard,Popelay,hpopelay15@hexun.com,Female,28
43,1.247.36.152,,Elbertine,Downes,edownes16@gnu.org,Male,36
44,123.181.144.34,,Clea,Dartan,cdartan17@amazon.de,Male,74
45,59.183.234.240,,Giovanna,Nacey,gnacey18@dropbox.com,Male,79
46,28.92.123.161,,Jayme,Lasty,jlasty19@harvard.edu,Genderfluid,33
47,76.80.103.21,,Imogene,Bonehill,ibonehill1a@businessweek.com,Male,31
48,165.241.74.100,,Katie,Hordell,khordell1b@time.com,Male,48
49,17.77.87.41,,Beryl,Jaynes,bjaynes1c@discovery.com,Male,60
50,240.20.202.168,,Sergent,Silvers,ssilvers1d@nba.com,Female,31
51,133.45.50.48,,Doro,Stivens,dstivens1e@tmall.com,Male,30
52,49.144.248.130,,Corrie,McDirmid,cmcdirmid1f@shinystat.com,Male,91
53,53.81.133.101,,Felecia,Phinnis,fphinnis1g@xinhuanet.com,Non-binary,36
54,202.239.166.246,,Orlan,Wilkin,owilkin1h@reddit.com,Female,38
55,53.199.195.234,,Tiff,Feitosa,tfeitosa1i@webmd.com,Female,91
56,243.170.148.202,,Casey,Barbour,cbarbour1j@washingtonpost.com,Female,47
57,130.71.81.67,,Bobbie,Hancock,bhancock1k@tinyurl.com,Female,100
58,171.49.63.124,,Nikola,Toone,ntoone1l@toplist.cz,Female,78
59,204.100.99.174,,Oralla,Nazareth,onazareth1m@mozilla.org,Female,81
60,76.147.102.177,,Nikki,Elnor,nelnor1n@quantcast.com,Female,61
61,195.106.142.133,,Paolo,Cornils,pcornils1o@elpais.com,Male,71
62,32.177.60.242,,Jeanelle,Wassung,jwassung1p@vk.com,Female,46
63,203.170.179.38,,Vinny,Barby,vbarby1q@tripod.com,Female,31
64,236.64.91.210,,Eydie,Carlet,ecarlet1r@joomla.org,Male,97
65,100.201.119.11,,Andris,Baudou,abaudou1s@vkontakte.ru,Female,33
66,175.29.229.115,,Joice,Hargreave,jhargreave1t@alexa.com,Female,76
67,111.200.72.208,,Evangelina,Coniff,econiff1u@mapquest.com,Female,97
68,109.31.97.157,,Lance,Stillman,lstillman1v@pinterest.com,Female,53
69,134.54.212.194,,Debera,Matthewman,dmatthewman1w@so-net.ne.jp,Male,41
70,234.32.201.157,,Francklyn,Mozzini,fmozzini1x@twitpic.com,Female,77
71,173.28.199.157,,Janaya,Eberlein,jeberlein1y@businesswire.com,Female,36
72,49.111.153.202,,Konstantin,Stouther,kstouther1z@sohu.com,Male,85
73,241.143.21.68,,Reginauld,Heis,rheis20@va.gov,Female,35
74,228.10.186.163,,Hannis,Anthoine,hanthoine21@state.tx.us,Female,53
75,217.61.55.62,,Shae,Rackam,srackam22@qq.com,Female,95
76,245.181.102.228,,Davy,Kipping,dkipping23@biglobe.ne.jp,Female,96
77,92.101.35.137,,Hurley,Patry,hpatry24@360.cn,Genderqueer,43
78,91.175.39.210,,Chandra,Defty,cdefty25@comcast.net,Male,54
79,175.55.233.200,,Kelvin,Kemmish,kkemmish26@microsoft.com,Male,27
80,151.208.128.106,,Timi,Hannen,thannen27@hostgator.com,Male,30
81,173.146.117.121,,Carrol,Brandes,cbrandes28@home.pl,Male,59
82,58.140.35.83,,Ervin,Moorwood,emoorwood29@berkeley.edu,Male,29
83,9.204.196.218,,Gabie,MacTrustram,gmactrustram2a@example.com,Male,54
84,179.124.123.55,,Kathe,Tilby,ktilby2b@toplist.cz,Male,57
85,73.118.220.168,,Adria,Hawes,ahawes2c@statcounter.com,Male,69
86,155.165.92.78,,Abbey,Bettington,abettington2d@jalbum.net,Male,42
87,157.205.118.216,,Thadeus,O'Leagham,toleagham2e@rambler.ru,Male,53
88,46.172.45.153,,Candida,Gauden,cgauden2f@census.gov,Male,87
89,94.248.4.199,,Teriann,Gramer,tgramer2g@soundcloud.com,Male,39
90,73.86.166.205,,Erminia,Steuhlmeyer,esteuhlmeyer2h@ucla.edu,Genderfluid,46
91,180.161.248.109,,Carmelina,Follan,cfollan2i@berkeley.edu,Male,43
92,246.229.91.158,,Terra,Habbijam,thabbijam2j@accuweather.com,Male,70
93,213.157.125.49,,Wallas,Riediger,wriediger2k@sourceforge.net,Female,71
94,214.228.199.102,,Tomasine,Di Giacomo,tdigiacomo2l@miitbeian.gov.cn,Female,53
95,41.244.14.93,,Carrie,Moxted,cmoxted2m@auda.org.au,Male,84
96,253.216.149.16,,Reuven,Coaten,rcoaten2n@state.tx.us,Male,72
97,212.108.214.85,,Waylan,Coite,wcoite2o@rambler.ru,Female,39
98,214.5.196.227,,Elfreda,Shewan,eshewan2p@ustream.tv,Male,68
99,144.18.192.190,,Mendel,Bitten,mbitten2q@cnbc.com,Female,80
100,149.235.206.1,,Job,Jiles,jjiles2r@irs.gov,Female,68
101,37.120.43.46,,Kris,Sadler,ksadler2s@yolasite.com,Male,41
102,216.219.194.68,,Linnell,Maltster,lmaltster2t@pcworld.com,Male,79
103,84.26.180.148,,Ulrich,Kase,ukase2u@businesswire.com,Female,61
104,170.34.107.85,,Celie,Kensett,ckensett2v@spiegel.de,Male,44
105,219.145.52.89,,Kelcie,Eitter,keitter2w@google.co.uk,Genderfluid,92
106,89.61.21.117,,Pearce,Bursnall,pbursnall2x@google.co.jp,Female,67
107,38.145.106.81,,Juliette,Singers,jsingers2y@arstechnica.com,Male,32
108,176.184.61.163,,Susette,Deave,sdeave2z@exblog.jp,Genderfluid,63
109,115.212.25.152,,Michale,Gleadhell,mgleadhell30@bloglines.com,Male,40
110,178.0.19.243,,Willa,Lace,wlace31@gravatar.com,Male,82
111,167.34.191.72,,Thedric,Sutherden,tsutherden32@ucsd.edu,Male,43
112,8.213.229.76,,Brinn,Daubney,bdaubney33@ucla.edu,Genderqueer,96
113,69.181.132.221,,Ashla,Melbury,amelbury34@webeden.co.uk,Agender,70
114,85.54.211.220,,Anton,Szymaniak,aszymaniak35@prweb.com,Male,48
115,4.225.113.218,,Marney,Ramard,mramard36@macromedia.com,Male,52
116,47.187.68.82,,Corbie,Janda,cjanda37@tripod.com,Female,55
117,81.74.186.10,,Sukey,Deboick,sdeboick38@washingtonpost.com,Female,82
118,61.26.203.174,,Wallace,Sieb,wsieb39@plala.or.jp,Female,30
119,246.162.86.167,,Rebbecca,Pietruszka,rpietruszka3a@instagram.com,Polygender,76
120,73.103.160.230,,Lin,Coste,lcoste3b@narod.ru,Male,40
121,242.240.139.186,,Marney,Knappett,mknappett3c@vistaprint.com,Male,50
122,221.68.74.187,,Lise,Windus,lwindus3d@angelfire.com,Agender,65
123,243.163.163.151,,Clemente,Marshal,cmarshal3e@istockphoto.com,Male,51
124,174.208.188.68,,Margaux,Gladwish,mgladwish3f@livejournal.com,Bigender,61
125,195.99.118.124,,Chrystel,Amoss,camoss3g@walmart.com,Male,47
126,209.43.236.155,,Guinevere,Brooks,gbrooks3h@smugmug.com,Female,42
127,168.138.140.241,,Beverie,Trowl,btrowl3i@lycos.com,Male,67
128,178.167.105.114,,Loreen,De Francisci,ldefrancisci3j@mail.ru,Male,93
129,129.114.75.240,,Rod,Winscomb,rwinscomb3k@google.cn,Male,75
130,34.27.144.219,,Gannon,Kevlin,gkevlin3l@tripadvisor.com,Genderqueer,53
131,101.14.85.247,,Vidovik,Denham,vdenham3m@reference.com,Female,45
132,60.185.24.67,,Isacco,Batchelor,ibatchelor3n@usatoday.com,Genderqueer,89
133,32.42.147.210,,Obadiah,Love,olove3o@ft.com,Non-binary,45
134,89.123.110.210,,Dorisa,MacAnelley,dmacanelley3p@globo.com,Male,26
135,249.128.100.215,,Clemens,Paolozzi,cpaolozzi3q@123-reg.co.uk,Male,29
136,148.134.74.61,,Trix,Catenot,tcatenot3r@businessinsider.com,Female,30
137,134.167.169.113,,Mal,Mcasparan,mmcasparan3s@wikia.com,Male,76
138,250.217.4.208,,Madelin,Laye,mlaye3t@unc.edu,Female,57
139,213.249.142.86,,Erin,Doale,edoale3u@g.co,Male,55
140,25.93.112.236,,Noby,Malbon,nmalbon3v@github.com,Male,87
141,173.44.64.132,,Frasier,Axon,faxon3w@intel.com,Male,85
142,115.119.233.80,,Abram,Jehan,ajehan3x@homestead.com,Female,98
143,174.65.192.12,,Lotta,Akers,lakers3y@imgur.com,Female,38
144,70.183.25.116,,Caryn,Mustarde,cmustarde3z@drupal.org,Male,90
145,182.121.199.159,,Ezri,Neward,eneward40@hud.gov,Male,40
146,84.79.140.241,,Roseanna,Lossman,rlossman41@wix.com,Male,95
147,199.2.187.133,,Simona,Millery,smillery42@fema.gov,Female,54
148,157.90.55.255,,Teriann,Bulcock,tbulcock43@sogou.com,Male,72
149,38.51.111.4,,Sunny,Barriball,sbarriball44@sohu.com,Male,40
150,47.254.92.51,,Almeda,Floch,afloch45@mlb.com,Male,84
151,77.134.206.143,,Frasco,Lamers,flamers46@networksolutions.com,Female,47
152,83.23.178.76,,Bradford,Sadat,bsadat47@so-net.ne.jp,Non-binary,37
153,73.54.30.80,,Tracy,Breit,tbreit48@ocn.ne.jp,Polygender,95
154,182.161.222.80,,Teddy,Cowderay,tcowderay49@topsy.com,Bigender,35
155,22.26.119.18,,Dyna,Brennand,dbrennand4a@adobe.com,Female,55
156,87.46.0.34,,Alonso,Chappell,achappell4b@epa.gov,Female,78
157,238.2.58.212,,Aldus,Thirlwell,athirlwell4c@earthlink.net,Female,59
158,121.40.69.199,,Nobe,Geal,ngeal4d@huffingtonpost.com,Female,61
159,103.169.114.72,,Chickie,Backhurst,cbackhurst4e@hibu.com,Male,48
160,150.44.210.183,,Ilka,Mc Meekin,imcmeekin4f@latimes.com,Male,97
161,52.13.201.241,,Dena,Boast,dboast4g@nba.com,Male,84
162,128.101.185.252,,Tillie,Cody,tcody4h@about.me,Male,30
163,65.165.121.16,,Elbertina,Coakley,ecoakley4i@epa.gov,Female,93
164,238.147.208.153,,Bern,Sollis,bsollis4j@howstuffworks.com,Male,48
165,109.244.57.178,,Almire,Feare,afeare4k@blogtalkradio.com,Female,79
166,146.223.140.213,,Grover,Buyers,gbuyers4l@patch.com,Female,71
167,181.201.39.32,,Esme,Kalberer,ekalberer4m@sohu.com,Female,93
168,63.254.73.135,,Orly,Guage,oguage4n@php.net,Male,74
169,59.197.29.152,,Win,Balcon,wbalcon4o@elpais.com,Female,66
170,176.161.15.21,,Minnnie,Howlin,mhowlin4p@java.com,Genderqueer,78
171,53.103.38.163,,Huey,Leidecker,hleidecker4q@bloomberg.com,Female,68
172,58.120.22.246,,Melisenda,Astie,mastie4r@mozilla.com,Male,93
173,176.85.137.167,,Urbanus,Duddell,ududdell4s@behance.net,Male,68
174,150.227.213.200,,Winifred,Minmagh,wminmagh4t@google.co.uk,Female,35
175,244.184.183.189,,Pauline,Kleinzweig,pkleinzweig4u@gizmodo.com,Female,87
176,146.188.70.16,,Channa,McAvin,cmcavin4v@hud.gov,Male,51
177,101.214.251.222,,Salaidh,Sharpous,ssharpous4w@youku.com,Female,95
178,73.253.217.190,,Peta,Ormonde,pormonde4x@kickstarter.com,Male,49
179,18.34.18.94,,Keelby,Garford,kgarford4y@illinois.edu,Male,85
180,83.37.230.89,,Jordanna,Martinolli,jmartinolli4z@jiathis.com,Female,63
181,231.38.95.91,,Junia,Plumbridge,jplumbridge50@arstechnica.com,Female,66
182,77.168.80.39,,Jillana,Kleisle,jkleisle51@jalbum.net,Female,80
183,190.109.25.224,,Beverie,Gage,bgage52@plala.or.jp,Female,56
184,149.216.139.130,,Tait,Brunon,tbrunon53@meetup.com,Female,47
185,215.182.13.202,,Louisa,Hadden,lhadden54@uiuc.edu,Non-binary,31
186,136.157.91.131,,Vere,Seivwright,vseivwright55@goo.gl,Female,73
187,222.150.86.139,,Aron,Edmenson,aedmenson56@spiegel.de,Male,28
188,120.114.61.105,,Thorsten,Capper,tcapper57@flickr.com,Genderfluid,88
189,134.249.234.246,,Elissa,Glass,eglass58@yellowbook.com,Male,39
190,117.65.182.160,,Maryjane,Roughsedge,mroughsedge59@cisco.com,Female,37
191,57.97.24.59,,Bank,Dayes,bdayes5a@csmonitor.com,Male,48
192,246.33.65.35,,Jamison,Mandrake,jmandrake5b@cdc.gov,Female,53
193,23.237.193.134,,Verena,Bresnahan,vbresnahan5c@rambler.ru,Female,43
194,58.161.110.204,,Beitris,Utteridge,butteridge5d@va.gov,Female,52
195,229.143.252.171,,Emmy,Folliss,efolliss5e@networksolutions.com,Female,43
196,82.183.80.242,,Chiquia,Haukey,chaukey5f@youku.com,Female,87
197,85.18.205.159,,Ossie,Pumphrey,opumphrey5g@hp.com,Female,37
198,220.112.175.8,,Faydra,Dovington,fdovington5h@unesco.org,Polygender,83
199,64.170.65.144,,Calvin,Robertz,crobertz5i@slate.com,Female,67
200,92.18.79.183,,Muire,Guile,mguile5j@bloomberg.com,Bigender,92
201,85.253.32.253,,Elinore,Whorlton,ewhorlton5k@nhs.uk,Female,63
202,129.106.193.161,,Shayne,Matyasik,smatyasik5l@google.co.uk,Male,44
203,135.53.124.231,,Nonie,Mulliner,nmulliner5m@bloglines.com,Female,52
204,5.127.52.3,,Kayla,Carnoghan,kcarnoghan5n@last.fm,Male,69
205,253.97.218.4,,Virgil,Champerlen,vchamperlen5o@cornell.edu,Male,98
206,46.206.96.165,,Lacie,Rothera,lrothera5p@theglobeandmail.com,Female,50
207,98.110.193.161,,Terrence,Leban,tleban5q@photobucket.com,Male,91
208,154.115.186.237,,Merill,Peyzer,mpeyzer5r@gnu.org,Female,100
209,139.220.3.58,,Bessy,Ferron,bferron5s@army.mil,Female,91
210,121.47.207.70,,Dolly,Swane,dswane5t@msu.edu,Genderfluid,47
211,121.198.164.226,,Graehme,Yakutin,gyakutin5u@opensource.org,Male,48
212,88.15.185.91,,Jayson,Rosenbush,jrosenbush5v@flavors.me,Male,94
213,53.216.12.7,,Kaylyn,Lowsely,klowsely5w@ed.gov,Female,87
214,157.79.202.131,,Kordula,Aikman,kaikman5x@who.int,Male,64
215,115.174.202.30,,Barney,Sporton,bsporton5y@cornell.edu,Male,58
216,110.135.183.196,,Todd,Simion,tsimion5z@hostgator.com,Male,38
217,241.14.17.162,,Sadie,Baysting,sbaysting60@shinystat.com,Female,93
218,23.220.26.113,,Miriam,Flippelli,mflippelli61@nsw.gov.au,Male,84
219,101.70.69.125,,Jodie,Geake,jgeake62@jigsy.com,Male,61
220,181.62.156.39,,Wanids,Sigmund,wsigmund63@cdc.gov,Male,45
221,165.130.48.107,,L;urette,Pynn,lpynn64@stumbleupon.com,Female,49
222,250.41.52.182,,Aviva,Molian,amolian65@devhub.com,Male,88
223,136.107.153.93,,Sheba,Dymott,sdymott66@cafepress.com,Female,30
224,153.67.153.41,,Josselyn,Rabat,jrabat67@ox.ac.uk,Female,96
225,13.67.12.191,,Antons,Nana,anana68@usa.gov,Female,67
226,14.246.59.202,,Pepillo,Suttie,psuttie69@tiny.cc,Male,49
227,96.3.169.231,,Dell,Wogan,dwogan6a@wp.com,Male,70
228,238.92.157.8,,Skyler,Tolomio,stolomio6b@illinois.edu,Female,46
229,243.113.77.130,,Aridatha,Carlow,acarlow6c@techcrunch.com,Non-binary,47
230,20.208.116.2,,Corney,Vautin,cvautin6d@cbc.ca,Male,55
231,121.112.228.57,,Irina,Posten,iposten6e@ftc.gov,Female,89
232,35.204.235.249,,Jessalyn,Scobie,jscobie6f@google.co.jp,Male,91
233,124.232.21.106,,Ulrike,Erskine,uerskine6g@dell.com,Female,66
234,193.205.14.74,,Vilhelmina,Lassen,vlassen6h@psu.edu,Female,91
235,244.125.229.151,,Janessa,Hook,jhook6i@fda.gov,Female,72
236,180.245.1.212,,Johny,Lakeman,jlakeman6j@pbs.org,Female,85
237,175.58.155.60,,Ronnie,Adicot,radicot6k@github.io,Female,96
238,75.137.54.26,,Gun,Schettini,gschettini6l@jalbum.net,Genderfluid,83
239,7.155.161.70,,Honor,Woltman,hwoltman6m@bizjournals.com,Male,77
240,74.98.157.11,,Goddard,Hasty,ghasty6n@jiathis.com,Male,36
241,225.43.92.14,,Sinclare,Tregust,stregust6o@ask.com,Male,60
242,52.60.50.223,,Early,Besant,ebesant6p@redcross.org,Female,91
243,156.45.152.158,,Elise,Waldock,ewaldock6q@yolasite.com,Male,84
244,48.1.255.41,,Ellissa,Sayward,esayward6r@omniture.com,Male,86
245,44.135.117.220,,Arlena,Blackway,ablackway6s@washingtonpost.com,Female,69
246,75.254.153.167,,Bertha,Craig,bcraig6t@jugem.jp,Female,44
247,225.158.183.29,,Chere,Jinkins,cjinkins6u@amazon.de,Female,90
248,205.153.127.123,,Emory,Goodwins,egoodwins6v@theguardian.com,Female,48
249,14.1.164.144,,Rockie,Beining,rbeining6w@ed.gov,Male,55
250,164.29.224.220,,Ruthanne,Atkins,ratkins6x@stanford.edu,Female,38
251,135.137.153.109,,Bettye,Faust,bfaust6y@imageshack.us,Male,44
252,185.33.102.98,,Joyann,Oldacre,joldacre6z@jimdo.com,Female,100
253,126.116.161.95,,Tatiania,Tomek,ttomek70@engadget.com,Female,55
254,142.113.132.107,,Fonzie,Truscott,ftruscott71@harvard.edu,Male,82
255,210.69.82.33,,Amalie,Cawt,acawt72@princeton.edu,Male,52
256,149.210.122.148,,Dewain,Windross,dwindross73@icq.com,Male,82
257,44.17.183.9,,Barris,Munkton,bmunkton74@booking.com,Female,35
258,186.11.15.72,,Chen,Como,ccomo75@bandcamp.com,Female,95
259,111.152.202.173,,Jany,Jeffes,jjeffes76@admin.ch,Female,49
260,161.136.194.131,,Mei,Worvill,mworvill77@hostgator.com,Female,100
261,242.110.58.246,,Merrile,Wiggins,mwiggins78@de.vu,Female,59
262,90.9.8.241,,Scott,Linton,slinton79@tamu.edu,Male,89
263,149.198.253.194,,Danell,Berardt,dberardt7a@people.com.cn,Female,72
264,162.98.40.38,,Clemmie,Graber,cgraber7b@mozilla.org,Female,100
265,50.169.141.160,,Cheri,Eldon,celdon7c@cyberchimps.com,Bigender,40
266,133.104.64.10,,Hakeem,McIlhatton,hmcilhatton7d@godaddy.com,Female,91
267,88.48.9.240,,Richy,Kidsley,rkidsley7e@hubpages.com,Male,29
268,166.147.85.138,,Jobye,Motion,jmotion7f@cmu.edu,Male,41
269,140.190.185.173,,Kare,O Mullen,komullen7g@1und1.de,Female,55
270,38.181.146.237,,Eward,Allington,eallington7h@t.co,Female,59
271,62.135.3.230,,Genovera,Stuckes,gstuckes7i@google.es,Male,54
272,74.147.23.77,,Theo,Olivet,tolivet7j@a8.net,Female,93
273,1.222.122.50,,Nickey,Gillani,ngillani7k@disqus.com,Female,56
274,108.182.103.224,,Dorry,Ruggiero,druggiero7l@gravatar.com,Female,84
275,27.65.27.155,,Joanna,Carlucci,jcarlucci7m@google.co.uk,Genderfluid,58
276,184.10.176.163,,Lola,Farndale,lfarndale7n@odnoklassniki.ru,Female,63
277,98.182.67.174,,Gustie,Chawkley,gchawkley7o@guardian.co.uk,Female,69
278,164.30.116.159,,Cathryn,Micklewright,cmicklewright7p@squidoo.com,Male,37
279,2.143.55.73,,Johnnie,Measor,jmeasor7q@qq.com,Male,75
280,251.91.56.29,,Cris,Waltering,cwaltering7r@earthlink.net,Male,64
281,237.40.153.156,,Aime,Gulc,agulc7s@indiegogo.com,Male,31
282,160.90.185.60,,Zsa zsa,Auchterlony,zauchterlony7t@google.com,Female,44
283,222.167.114.163,,Darn,Lydster,dlydster7u@shop-pro.jp,Female,36
284,44.134.149.131,,Carly,Beining,cbeining7v@zimbio.com,Bigender,34
285,143.11.237.40,,Doug,Bootes,dbootes7w@devhub.com,Female,80
286,13.231.20.23,,Garik,Kuhn,gkuhn7x@google.co.jp,Female,70
287,125.28.150.238,,Hedda,Corrison,hcorrison7y@youku.com,Agender,79
288,84.196.180.12,,Charisse,Reddings,creddings7z@photobucket.com,Male,81
289,60.229.96.0,,Aurel,Bravey,abravey80@mozilla.org,Male,58
290,75.46.206.143,,Silvano,Letts,sletts81@360.cn,Female,49
291,152.198.129.67,,Pennie,Gaffney,pgaffney82@dagondesign.com,Polygender,25
292,221.133.180.231,,Luce,Bourrel,lbourrel83@fc2.com,Male,34
293,77.1.199.141,,Hulda,Francioli,hfrancioli84@printfriendly.com,Male,64
294,215.214.98.166,,Arel,Goodbarr,agoodbarr85@desdev.cn,Male,100
295,67.205.0.169,,Karole,Dimsdale,kdimsdale86@example.com,Male,45
296,51.116.186.80,,Audre,Wightman,awightman87@ted.com,Female,83
297,37.35.35.79,,Maurine,Biddlecombe,mbiddlecombe88@ifeng.com,Female,98
298,18.68.193.204,,Aldin,Eslinger,aeslinger89@ucla.edu,Female,53
299,245.152.157.136,,Erda,Avrahm,eavrahm8a@issuu.com,Female,79
300,103.7.104.14,,Siffre,Moogan,smoogan8b@fastcompany.com,Female,64
301,211.133.23.79,,Pattie,O'Doran,podoran8c@cam.ac.uk,Female,84
302,38.154.31.129,,Adel,Youles,ayoules8d@tripadvisor.com,Genderfluid,37
303,235.197.222.228,,Janka,Cheeseman,jcheeseman8e@fc2.com,Female,63
304,225.92.218.237,,Pren,Bounds,pbounds8f@cpanel.net,Male,37
305,110.108.43.79,,Win,Kemell,wkemell8g@newyorker.com,Agender,79
306,16.73.179.74,,Tanny,Kleanthous,tkleanthous8h@zdnet.com,Male,27
307,70.78.220.111,,Cyndie,Braitling,cbraitling8i@joomla.org,Male,83
308,137.74.116.161,,Alecia,Royl,aroyl8j@youtube.com,Male,51
309,109.234.49.174,,Keefe,Whyman,kwhyman8k@fda.gov,Female,87
310,89.236.68.112,,Wandie,Danbye,wdanbye8l@hubpages.com,Female,76
311,91.108.172.154,,Dwain,Sibbson,dsibbson8m@slideshare.net,Female,40
312,219.230.19.203,,Phillis,Leighfield,pleighfield8n@washington.edu,Male,89
313,34.26.37.112,,Rosene,Crush,rcrush8o@opensource.org,Female,89
314,234.159.187.81,,Jan,Speir,jspeir8p@hugedomains.com,Female,97
315,244.100.128.3,,Merry,Memmory,mmemmory8q@hp.com,Female,52
316,60.229.44.18,,Jacquelyn,Longthorn,jlongthorn8r@mayoclinic.com,Female,51
317,82.73.180.2,,Becca,Damp,bdamp8s@hubpages.com,Male,46
318,153.105.85.228,,Mavis,Balazot,mbalazot8t@posterous.com,Female,45
319,160.210.72.5,,Reinaldos,Demann,rdemann8u@istockphoto.com,Female,66
320,183.250.110.17,,Nikola,Maxfield,nmaxfield8v@dagondesign.com,Male,69
321,51.222.196.210,,Pat,Pepye,ppepye8w@amazonaws.com,Female,68
322,55.216.168.226,,Ulrikaumeko,Limming,ulimming8x@hhs.gov,Female,52
323,131.142.20.10,,Blair,Goly,bgoly8y@123-reg.co.uk,Male,48
324,108.93.104.207,,Pierson,Maty,pmaty8z@furl.net,Male,42
325,157.35.70.86,,Malvin,Ventura,mventura90@ucsd.edu,Non-binary,34
326,119.221.106.32,,Jeremie,Gannon,jgannon91@themeforest.net,Female,33
327,139.181.35.147,,Griz,Craik,gcraik92@imgur.com,Male,36
328,26.201.212.38,,Tam,Karpe,tkarpe93@yellowbook.com,Female,83
329,178.244.31.47,,Ketti,Ackenson,kackenson94@github.io,Male,34
330,27.124.60.181,,Megen,Parsisson,mparsisson95@webnode.com,Male,74
331,203.20.55.152,,Kasper,Korbmaker,kkorbmaker96@dailymotion.com,Agender,39
332,220.31.246.137,,Lezlie,Tunesi,ltunesi97@chicagotribune.com,Female,86
333,180.109.255.197,,Aurel,Stonary,astonary98@ask.com,Male,51
334,4.211.44.103,,Dulce,Gailor,dgailor99@ucsd.edu,Female,53
335,166.149.154.103,,Heall,Sans,hsans9a@fda.gov,Female,84
336,118.146.233.73,,Rosanne,Scargill,rscargill9b@wiley.com,Male,73
337,6.196.123.66,,Cord,Bohills,cbohills9c@uiuc.edu,Female,78
338,50.243.19.127,,Carey,Longley,clongley9d@hubpages.com,Male,100
339,113.86.248.14,,Elias,Mungham,emungham9e@hao123.com,Male,99
340,91.157.113.204,,Dianne,Aves,daves9f@latimes.com,Male,74
341,27.224.198.139,,Kathe,Carlow,kcarlow9g@i2i.jp,Female,59
342,110.249.157.253,,Tobin,Chatelet,tchatelet9h@utexas.edu,Bigender,26
343,141.105.184.168,,Winny,Witchell,wwitchell9i@bigcartel.com,Female,31
344,184.134.70.163,,Hastie,Airy,hairy9j@ucsd.edu,Female,49
345,25.185.238.187,,Grete,Labram,glabram9k@youtu.be,Male,92
346,41.89.115.38,,Hazel,Kainz,hkainz9l@tinyurl.com,Bigender,93
347,15.67.19.95,,Marlo,Watling,mwatling9m@histats.com,Non-binary,82
348,202.240.67.148,,Murray,Bourdis,mbourdis9n@canalblog.com,Male,32
349,253.81.49.215,,Elva,Penrice,epenrice9o@fastcompany.com,Female,31
350,247.123.76.71,,Joseito,Hardcastle,jhardcastle9p@cbsnews.com,Female,37
351,193.240.63.28,,Arny,McConnell,amcconnell9q@mac.com,Female,89
352,229.138.250.55,,Tootsie,Sackey,tsackey9r@oakley.com,Male,42
353,123.229.139.33,,Cathryn,Doody,cdoody9s@google.cn,Male,78
354,224.255.207.221,,Ephrayim,Fairlamb,efairlamb9t@angelfire.com,Male,70
355,117.56.43.17,,Madella,Hullyer,mhullyer9u@ifeng.com,Male,97
356,179.72.164.229,,Sabine,Yurocjhin,syurocjhin9v@dot.gov,Female,81
357,5.119.69.69,,Jeffie,Carles,jcarles9w@who.int,Female,92
358,202.50.251.189,,Andrea,O' Hogan,aohogan9x@dagondesign.com,Genderfluid,25
359,145.59.242.141,,Zondra,Bassam,zbassam9y@plala.or.jp,Bigender,79
360,100.48.209.225,,Lucio,Trickey,ltrickey9z@godaddy.com,Non-binary,60
361,173.188.158.134,,Leontine,Kezourec,lkezoureca0@de.vu,Female,51
362,186.120.179.102,,Ainslie,Storch,astorcha1@ucoz.ru,Non-binary,27
363,33.84.64.245,,Lorelle,Larwood,llarwooda2@rambler.ru,Male,54
364,234.220.79.166,,Mickie,Reuss,mreussa3@cbsnews.com,Female,95
365,121.125.192.213,,Arlene,Burkin,aburkina4@europa.eu,Male,36
366,15.79.166.63,,Lek,Perrins,lperrinsa5@google.com.au,Female,59
367,39.117.155.78,,Patsy,Solano,psolanoa6@telegraph.co.uk,Male,46
368,143.200.191.81,,Dierdre,Leyburn,dleyburna7@reuters.com,Female,44
369,33.27.214.238,,Cullie,Andrew,candrewa8@amazon.de,Male,30
370,207.53.39.94,,Vale,Beauvais,vbeauvaisa9@fema.gov,Male,33
371,210.128.119.25,,Blanca,Law,blawaa@ucla.edu,Female,38
372,133.157.87.183,,Querida,Armstead,qarmsteadab@zdnet.com,Male,95
373,119.45.171.242,,Andreana,Thickpenny,athickpennyac@a8.net,Female,37
374,11.17.177.20,,Ludovico,Balas,lbalasad@unicef.org,Male,51
375,184.245.134.2,,Bette-ann,Blasius,bblasiusae@delicious.com,Male,43
376,249.230.235.221,,Leandra,Wohlers,lwohlersaf@china.com.cn,Female,40
377,90.13.1.81,,Lil,Allsepp,lallseppag@multiply.com,Female,31
378,157.247.208.5,,Leanora,Furness,lfurnessah@spotify.com,Male,25
379,163.253.47.107,,Karel,Readman,kreadmanai@redcross.org,Female,31
380,193.205.147.131,,Gusta,Cordeux,gcordeuxaj@npr.org,Male,84
381,137.246.8.181,,Louis,Laurand,llaurandak@un.org,Male,29
382,14.201.245.70,,Stephine,Attow,sattowal@quantcast.com,Male,61
383,157.178.24.227,,Viviana,Ibanez,vibanezam@google.ru,Female,82
384,29.175.217.77,,Shayna,Peppard,speppardan@adobe.com,Female,96
385,181.53.45.34,,Rube,Ivie,rivieao@nsw.gov.au,Male,80
386,64.238.26.128,,Kaia,Kettlewell,kkettlewellap@mozilla.com,Female,69
387,11.170.40.39,,Kyla,Marlin,kmarlinaq@theglobeandmail.com,Non-binary,27
388,88.230.53.217,,Bryon,Peppett,bpeppettar@dropbox.com,Male,77
389,52.65.105.246,,Abby,Jerrard,ajerrardas@nbcnews.com,Male,25
390,167.60.166.185,,Talbot,Pringuer,tpringuerat@plala.or.jp,Male,85
391,128.113.90.80,,Yolanda,Lavens,ylavensau@vimeo.com,Male,27
392,172.15.86.114,,Rafaelia,Gilffilland,rgilffillandav@indiegogo.com,Female,96
393,184.224.5.160,,Berkley,Fills,bfillsaw@umn.edu,Male,78
394,214.79.185.252,,Harmonie,Duprey,hdupreyax@pagesperso-orange.fr,Female,84
395,95.9.36.31,,Zacharie,Lambird,zlambirday@fastcompany.com,Male,37
396,23.205.206.121,,Vergil,Waind,vwaindaz@geocities.com,Female,46
397,175.91.147.96,,Craig,Dunbavin,cdunbavinb0@theatlantic.com,Male,32
398,98.236.137.145,,Wyatan,Guslon,wguslonb1@sakura.ne.jp,Male,73
399,170.98.166.189,,Robb,Scneider,rscneiderb2@sourceforge.net,Male,55
400,213.89.67.120,,Payton,Willmett,pwillmettb3@imageshack.us,Female,86
401,252.190.78.108,,Jessalyn,Glenfield,jglenfieldb4@e-recht24.de,Female,35
402,234.221.111.45,,Griffie,Franciottoi,gfranciottoib5@admin.ch,Female,49
403,52.240.42.233,,Haleigh,Kenrick,hkenrickb6@vinaora.com,Female,42
404,155.252.229.71,,Jone,Waith,jwaithb7@google.cn,Male,66
405,148.93.66.113,,Callida,Lambin,clambinb8@sitemeter.com,Agender,66
406,192.104.63.42,,Glenn,Hospital,ghospitalb9@diigo.com,Female,47
407,24.19.210.94,,Temple,Trounce,ttrounceba@canalblog.com,Female,44
408,77.250.13.79,,Agata,Grenfell,agrenfellbb@github.io,Female,74
409,240.127.247.178,,Jecho,Gilliam,jgilliambc@geocities.com,Male,76
410,184.16.221.89,,Lev,Abbitt,labbittbd@ted.com,Polygender,79
411,178.93.206.26,,Cori,Ewols,cewolsbe@sciencedaily.com,Male,62
412,100.189.108.146,,Carlie,Jeffs,cjeffsbf@123-reg.co.uk,Male,62
413,143.202.95.192,,Loria,Kettel,lkettelbg@squarespace.com,Female,87
414,108.52.222.166,,Anetta,Mallatratt,amallatrattbh@elpais.com,Agender,85
415,81.0.151.223,,Ardra,Korb,akorbbi@netvibes.com,Male,53
416,66.0.122.192,,Marylinda,Dymoke,mdymokebj@google.com,Male,85
417,245.71.95.147,,Parke,Kingcott,pkingcottbk@dell.com,Male,32
418,23.90.132.47,,Nicolette,Snazle,nsnazlebl@yellowbook.com,Female,78
419,148.20.139.203,,Raina,Briggdale,rbriggdalebm@psu.edu,Male,51
420,42.127.193.149,,Karry,Cavendish,kcavendishbn@scientificamerican.com,Female,76
421,5.11.168.64,,Domenic,Zorn,dzornbo@nydailynews.com,Male,76
422,20.31.251.248,,Rubin,Conn,rconnbp@over-blog.com,Male,51
423,154.23.191.108,,Richmond,Kitcherside,rkitchersidebq@webeden.co.uk,Male,89
424,3.255.223.129,,Melinde,Wraighte,mwraightebr@angelfire.com,Female,44
425,88.157.186.152,,Scotti,Lapthorn,slapthornbs@meetup.com,Female,39
426,144.30.248.80,,Perice,Ralton,praltonbt@posterous.com,Female,34
427,66.192.47.30,,Marla,Waldock,mwaldockbu@instagram.com,Female,34
428,229.158.87.254,,Bel,Altamirano,baltamiranobv@rambler.ru,Male,47
429,31.240.79.237,,Scotti,Bouts,sboutsbw@latimes.com,Polygender,87
430,88.137.143.152,,Nathalia,Rollinshaw,nrollinshawbx@123-reg.co.uk,Female,76
431,1.78.154.77,,Lyndel,Laidler,llaidlerby@omniture.com,Genderfluid,62
432,229.181.241.254,,Minda,Sifflett,msifflettbz@nps.gov,Male,93
433,149.33.173.169,,Merrie,Dannel,mdannelc0@com.com,Male,43
434,60.128.124.55,,Malena,Trask,mtraskc1@zimbio.com,Male,58
435,98.172.230.245,,Gilburt,Borgnet,gborgnetc2@over-blog.com,Female,56
436,175.87.252.195,,Eyde,Cleobury,ecleoburyc3@toplist.cz,Female,69
437,251.189.104.209,,Kenon,Bointon,kbointonc4@vk.com,Male,44
438,247.29.181.128,,Sashenka,O' Driscoll,sodriscollc5@sakura.ne.jp,Female,58
439,144.253.219.160,,Benoit,Beesey,bbeeseyc6@washington.edu,Male,77
440,184.70.240.202,,Vanni,Silvers,vsilversc7@prweb.com,Female,100
441,52.225.41.191,,De witt,Luckham,dluckhamc8@about.me,Male,80
442,238.4.236.16,,Amalee,Leyninye,aleyninyec9@google.com.br,Female,36
443,169.185.141.181,,Ailbert,Strelitzer,astrelitzerca@artisteer.com,Female,50
444,86.207.113.231,,Dorice,Bridywater,dbridywatercb@vk.com,Female,39
445,71.51.113.189,,Cathyleen,Hawkwood,chawkwoodcc@hp.com,Male,54
446,12.220.147.114,,Wat,Ochiltree,wochiltreecd@huffingtonpost.com,Male,95
447,234.68.119.210,,Jeramey,Luesley,jluesleyce@gnu.org,Male,32
448,236.224.4.83,,Jaclyn,Klulicek,jklulicekcf@nsw.gov.au,Male,25
449,27.139.237.251,,Kenton,Sorsbie,ksorsbiecg@howstuffworks.com,Male,68
450,39.175.101.29,,Cart,Bellison,cbellisonch@chron.com,Female,38
451,197.36.27.95,,Ansel,Lambole,alamboleci@gizmodo.com,Female,88
452,16.96.204.218,,Darn,Taft,dtaftcj@intel.com,Male,97
453,36.50.155.46,,Tommy,O'Cahsedy,tocahsedyck@tinyurl.com,Female,72
454,194.81.255.91,,Neville,Ogelsby,nogelsbycl@walmart.com,Male,60
455,134.185.144.170,,Fionna,Licquorish,flicquorishcm@vimeo.com,Female,38
456,169.138.140.28,,Nert,Losel,nloselcn@digg.com,Female,90
457,70.94.1.222,,Romy,Treble,rtrebleco@ft.com,Female,70
458,10.220.138.174,,Cos,Ovize,covizecp@economist.com,Female,98
459,222.7.108.8,,Decca,Brick,dbrickcq@china.com.cn,Female,98
460,245.252.185.254,,Charline,Galey,cgaleycr@zimbio.com,Male,84
461,25.190.216.114,,Towney,Lineen,tlineencs@seesaa.net,Male,33
462,92.188.20.8,,Vivianne,Santacrole,vsantacrolect@house.gov,Male,32
463,81.200.79.92,,Dorie,Severs,dseverscu@shinystat.com,Male,27
464,71.58.126.49,,Eberhard,Thoumas,ethoumascv@list-manage.com,Male,89
465,228.55.214.29,,Jeanelle,Sudron,jsudroncw@live.com,Male,49
466,167.196.164.110,,Vally,MacChaell,vmacchaellcx@businessinsider.com,Female,57
467,167.71.141.48,,Zaria,Wylie,zwyliecy@ted.com,Male,81
468,138.2.148.40,,Gianina,Shadwick,gshadwickcz@sphinn.com,Agender,51
469,179.196.80.95,,Maximilian,Pridham,mpridhamd0@tripod.com,Genderqueer,61
470,250.27.96.6,,Wynny,Tradewell,wtradewelld1@tiny.cc,Genderqueer,38
471,113.177.159.72,,Ricky,Zoephel,rzoepheld2@stumbleupon.com,Non-binary,34
472,38.240.26.194,,Hermina,Cobleigh,hcobleighd3@1und1.de,Female,100
473,4.126.44.223,,Carlene,Wanden,cwandend4@comsenz.com,Female,79
474,209.45.93.86,,Andriana,Reichhardt,areichhardtd5@smugmug.com,Female,33
475,238.246.249.69,,Bernita,Spadollini,bspadollinid6@whitehouse.gov,Male,82
476,108.228.12.110,,Sibel,Persich,spersichd7@php.net,Female,71
477,50.122.251.148,,Estele,Joberne,ejoberned8@geocities.jp,Female,50
478,213.178.214.93,,Kandace,Drynan,kdrynand9@nature.com,Female,88
479,44.81.237.221,,Jyoti,Marrion,jmarrionda@hc360.com,Female,91
480,199.99.54.55,,Nita,De Biasio,ndebiasiodb@reverbnation.com,Female,85
481,116.4.217.135,,Serena,Halliberton,shallibertondc@google.cn,Male,47
482,247.182.117.81,,Egor,Robillart,erobillartdd@geocities.jp,Female,66
483,25.58.187.254,,Korney,Paolini,kpaolinide@ftc.gov,Male,93
484,112.69.254.60,,Joane,Wyrall,jwyralldf@businessinsider.com,Female,34
485,221.147.127.158,,Nona,Khrishtafovich,nkhrishtafovichdg@craigslist.org,Male,65
486,91.34.70.75,,Clemmie,Gawne,cgawnedh@wikispaces.com,Male,67
487,254.158.166.132,,Sande,Hitzschke,shitzschkedi@whitehouse.gov,Male,55
488,88.61.161.97,,Danica,Rizzello,drizzellodj@surveymonkey.com,Female,69
489,253.65.90.98,,Gibb,Brookson,gbrooksondk@amazon.de,Male,97
490,59.112.16.147,,Roxana,Domone,rdomonedl@epa.gov,Bigender,71
491,183.142.24.184,,Arvy,Hamblin,ahamblindm@smugmug.com,Female,46
492,212.43.104.64,,Daryl,Haysham,dhayshamdn@cargocollective.com,Male,94
493,210.132.234.207,,Abbi,Lilywhite,alilywhitedo@hhs.gov,Male,98
494,67.234.22.140,,Desiree,McCauley,dmccauleydp@fema.gov,Female,61
495,107.83.88.65,,Godart,Lenihan,glenihandq@businessweek.com,Female,26
496,251.48.20.116,,Nicolina,Gavigan,ngavigandr@dot.gov,Polygender,79
497,78.225.57.63,,Cilka,Huxter,chuxterds@macromedia.com,Female,38
498,229.83.86.228,,Artur,Gulleford,agulleforddt@taobao.com,Female,63
499,57.49.244.111,,Orton,Chessum,ochessumdu@netvibes.com,Female,51
500,224.47.122.172,,Flin,Lawlie,flawliedv@pen.io,Bigender,96
501,235.30.233.34,,Dominga,Geeritz,dgeeritzdw@furl.net,Female,36
502,124.95.222.189,,Bearnard,Shakelady,bshakeladydx@sourceforge.net,Polygender,50
503,80.136.185.86,,Hasty,Girardet,hgirardetdy@hatena.ne.jp,Female,98
504,62.110.206.254,,Cosetta,Caps,ccapsdz@amazon.co.jp,Female,71
505,22.3.48.85,,Kattie,Twinterman,ktwintermane0@washington.edu,Male,48
506,105.200.4.23,,Nicola,Jakuszewski,njakuszewskie1@meetup.com,Female,84
507,24.184.228.168,,Mariele,Spracklin,msprackline2@chronoengine.com,Male,88
508,37.38.46.0,,Linnell,Labrow,llabrowe3@ifeng.com,Male,75
509,30.106.15.228,,Dallon,Drewet,ddrewete4@twitpic.com,Male,53
510,64.182.34.57,,Eleanor,Simionescu,esimionescue5@networkadvertising.org,Male,98
511,226.178.56.189,,Aldus,Penritt,apenritte6@amazon.co.uk,Male,100
512,196.189.26.159,,Merwin,Emeney,memeneye7@icq.com,Female,49
513,191.178.86.106,,Rabi,Lilie,rliliee8@omniture.com,Female,84
514,173.119.14.118,,Callida,Gapp,cgappe9@webnode.com,Male,60
515,16.121.130.40,,Laural,Biss,lbissea@yelp.com,Female,69
516,160.8.162.159,,Nisse,Dron,ndroneb@smugmug.com,Female,51
517,210.238.151.144,,Fanchette,Roakes,froakesec@adobe.com,Male,60
518,156.245.229.114,,Bale,Withams,bwithamsed@infoseek.co.jp,Male,60
519,235.22.202.239,,Darn,Siddons,dsiddonsee@slideshare.net,Female,77
520,21.131.4.82,,Lizette,Dugue,ldugueef@thetimes.co.uk,Male,52
521,154.58.10.219,,Eric,McRitchie,emcritchieeg@geocities.com,Female,54
522,9.245.21.226,,Eartha,Rathke,erathkeeh@webs.com,Male,50
523,98.45.33.153,,Dorthea,Teather,dteatherei@xrea.com,Male,89
524,220.45.239.119,,Sibley,Stratford,sstratfordej@ocn.ne.jp,Female,69
525,94.253.150.188,,Elliott,Bartels,ebartelsek@arizona.edu,Female,35
526,111.177.220.243,,Roosevelt,Izkovici,rizkoviciel@ocn.ne.jp,Non-binary,82
527,68.213.8.248,,Marian,Bole,mboleem@scribd.com,Male,33
528,209.105.99.6,,Dietrich,Conachy,dconachyen@bbb.org,Male,33
529,142.18.151.194,,Niki,Covill,ncovilleo@theguardian.com,Male,39
530,166.137.25.60,,Stesha,Fellos,sfellosep@cmu.edu,Male,46
531,87.38.195.26,,Helge,Scheffel,hscheffeleq@icio.us,Female,65
532,122.28.90.16,,Cody,Bonin,cboniner@squidoo.com,Female,25
533,22.249.60.31,,Lon,Jenton,ljentones@va.gov,Female,76
534,154.216.62.3,,Elroy,McKiernan,emckiernanet@quantcast.com,Female,38
535,234.114.170.235,,Jacquenette,Freed,jfreedeu@java.com,Female,76
536,5.218.233.166,,Othilie,Shimmings,oshimmingsev@ifeng.com,Female,85
537,238.17.157.73,,Tarra,Rive,triveew@who.int,Genderfluid,73
538,191.71.43.150,,Eve,Peat,epeatex@answers.com,Male,47
539,145.151.245.172,,Tremayne,Derrell,tderrelley@simplemachines.org,Female,97
540,252.145.211.136,,Rayshell,Maddams,rmaddamsez@lulu.com,Female,76
541,165.1.20.162,,Doralynn,Prudham,dprudhamf0@angelfire.com,Female,90
542,162.184.46.217,,Prent,Pingston,ppingstonf1@google.com.hk,Male,70
543,100.194.42.248,,Genevra,Johns,gjohnsf2@gnu.org,Male,32
544,55.149.108.182,,Daile,Tatum,dtatumf3@chron.com,Female,28
545,13.48.94.233,,Kala,Ledgeway,kledgewayf4@csmonitor.com,Female,92
546,31.245.50.22,,Dulcea,Montague,dmontaguef5@army.mil,Male,85
547,201.183.225.88,,Georgie,Illwell,gillwellf6@wikimedia.org,Female,85
548,254.45.183.10,,Loni,Blades,lbladesf7@upenn.edu,Male,100
549,120.30.243.206,,Anabel,Blackall,ablackallf8@cloudflare.com,Female,96
550,68.112.132.83,,Emmye,Stilly,estillyf9@nydailynews.com,Genderqueer,68
551,99.58.212.130,,Jimmy,Kisbee,jkisbeefa@t-online.de,Female,56
552,82.219.120.80,,Andras,Reddings,areddingsfb@ezinearticles.com,Female,33
553,12.79.139.121,,Jephthah,Le Maitre,jlemaitrefc@japanpost.jp,Male,29
554,142.190.82.24,,Cointon,Shrieves,cshrievesfd@cnn.com,Male,79
555,139.225.115.244,,Delmor,Beneix,dbeneixfe@accuweather.com,Female,66
556,143.83.62.88,,Jeremiah,Bastide,jbastideff@google.es,Female,98
557,99.61.175.229,,Magdalena,Connikie,mconnikiefg@pbs.org,Male,85
558,39.8.100.1,,Boone,Whitfeld,bwhitfeldfh@mapquest.com,Non-binary,58
559,220.92.202.71,,Joletta,Hincks,jhincksfi@skyrock.com,Male,50
560,179.51.138.10,,Peter,Cammacke,pcammackefj@delicious.com,Female,88
561,9.176.252.69,,Maximilianus,Sockell,msockellfk@constantcontact.com,Male,53
562,206.193.224.43,,Camala,De Freyne,cdefreynefl@omniture.com,Male,73
563,233.201.247.126,,Addy,Hallatt,ahallattfm@hud.gov,Male,70
564,241.116.110.72,,Pam,Plaxton,pplaxtonfn@tiny.cc,Female,35
565,190.189.186.180,,Rowland,Riha,rrihafo@vkontakte.ru,Male,47
566,122.152.110.11,,Marcus,Statham,mstathamfp@jugem.jp,Female,96
567,200.24.231.112,,Lorrie,Pastor,lpastorfq@comcast.net,Male,51
568,15.152.226.165,,Gregory,Bissex,gbissexfr@ted.com,Male,89
569,249.162.112.227,,Drusy,Steele,dsteelefs@merriam-webster.com,Male,71
570,224.145.175.66,,Chance,Jacobsen,cjacobsenft@soundcloud.com,Female,89
571,214.61.46.71,,Ade,Spink,aspinkfu@about.com,Male,44
572,124.241.113.144,,Herrick,Ballantine,hballantinefv@imageshack.us,Male,93
573,123.146.77.205,,Swen,Mathieson,smathiesonfw@archive.org,Male,36
574,137.86.255.50,,Marlo,Drinkall,mdrinkallfx@sciencedaily.com,Female,72
575,17.58.246.162,,Jobi,Gowdie,jgowdiefy@msu.edu,Male,99
576,235.135.88.24,,Reider,Albrooke,ralbrookefz@bandcamp.com,Female,71
577,144.60.134.121,,Heida,McInulty,hmcinultyg0@pinterest.com,Male,79
578,44.233.182.238,,Millicent,Coulman,mcoulmang1@smh.com.au,Male,32
579,202.119.64.13,,Ferdinande,Kleinmann,fkleinmanng2@usgs.gov,Female,69
580,182.136.121.246,,Karyl,Eltone,keltoneg3@unc.edu,Male,73
581,74.64.49.64,,Constancy,Maloney,cmaloneyg4@cdbaby.com,Female,42
582,206.173.77.85,,Desiree,Twinbourne,dtwinbourneg5@baidu.com,Male,71
583,40.89.251.62,,Brooks,Salaman,bsalamang6@biblegateway.com,Male,67
584,128.180.123.149,,Erasmus,Omand,eomandg7@deliciousdays.com,Female,55
585,165.122.185.118,,Josi,Cavil,jcavilg8@pen.io,Female,30
586,208.114.102.83,,Everard,Tooting,etootingg9@qq.com,Male,41
587,101.123.48.187,,Jordan,Crusham,jcrushamga@yahoo.com,Male,73
588,127.242.13.240,,Ford,Tetsall,ftetsallgb@baidu.com,Male,87
589,179.42.8.91,,Radcliffe,Hadwick,rhadwickgc@lycos.com,Female,63
590,114.199.241.211,,Hasty,Foxworthy,hfoxworthygd@nih.gov,Female,38
591,217.48.238.236,,Hollie,Ivanaev,hivanaevge@qq.com,Male,93
592,216.38.99.125,,Morten,Philimore,mphilimoregf@tinypic.com,Female,100
593,247.142.170.206,,Court,Gimber,cgimbergg@odnoklassniki.ru,Female,43
594,157.78.55.127,,Killy,Hainge,khaingegh@unesco.org,Agender,39
595,193.75.171.4,,Myranda,Kilmaster,mkilmastergi@geocities.com,Male,85
596,68.163.62.63,,Pansy,Strongman,pstrongmangj@alibaba.com,Male,81
597,94.110.234.152,,Aryn,Tollerton,atollertongk@dagondesign.com,Female,88
598,126.88.36.246,,Tobe,Crooks,tcrooksgl@earthlink.net,Female,95
599,147.52.125.149,,Murdock,Hedley,mhedleygm@hugedomains.com,Female,60
600,81.199.194.43,,Patrizius,Brettelle,pbrettellegn@wiley.com,Male,26
601,227.127.65.220,,Alvin,Emerton,aemertongo@i2i.jp,Female,45
602,45.164.70.186,,Geno,Botterill,gbotterillgp@drupal.org,Male,67
603,162.181.47.136,,Sheelah,Stuehmeyer,sstuehmeyergq@goo.gl,Male,91
604,176.161.66.208,,Erich,Nunnerley,enunnerleygr@webnode.com,Female,45
605,69.77.186.185,,Morly,Happert,mhappertgs@bizjournals.com,Female,55
606,49.110.74.172,,Milicent,Limpenny,mlimpennygt@omniture.com,Male,86
607,193.230.55.212,,Gage,Mauro,gmaurogu@wp.com,Male,92
608,37.54.215.64,,Roma,Whyatt,rwhyattgv@imgur.com,Female,57
609,187.14.112.216,,Agnese,Gorhardt,agorhardtgw@slideshare.net,Male,81
610,189.237.10.84,,Berkley,Kitchinghan,bkitchinghangx@seattletimes.com,Female,78
611,148.45.104.230,,Deana,Cowlishaw,dcowlishawgy@vk.com,Male,33
612,125.127.6.186,,Stern,Gruszecki,sgruszeckigz@arstechnica.com,Male,90
613,175.200.116.182,,Lyda,Howden,lhowdenh0@printfriendly.com,Male,68
614,195.69.225.145,,Dayna,Bundey,dbundeyh1@jalbum.net,Female,79
615,152.4.183.109,,Ramona,Jeannon,rjeannonh2@digg.com,Male,98
616,13.92.79.108,,Rudie,Sherebrook,rsherebrookh3@wp.com,Male,89
617,122.198.128.83,,Vivian,Cestard,vcestardh4@psu.edu,Male,45
618,112.161.42.243,,Conway,Graysmark,cgraysmarkh5@examiner.com,Female,97
619,237.125.62.141,,Filia,Klausen,fklausenh6@qq.com,Male,25
620,244.178.212.8,,Guillemette,Beadles,gbeadlesh7@barnesandnoble.com,Female,45
621,106.219.213.187,,Jodie,Rubinfeld,jrubinfeldh8@about.com,Male,30
622,16.255.157.100,,Giulio,Terrans,gterransh9@facebook.com,Male,58
623,245.79.64.220,,Debor,Sambles,dsamblesha@merriam-webster.com,Female,89
624,89.58.181.100,,Dukie,Clausen,dclausenhb@privacy.gov.au,Female,33
625,215.214.23.33,,Manon,Smalecombe,msmalecombehc@fc2.com,Female,46
626,77.104.19.13,,Joane,Labbe,jlabbehd@ucoz.ru,Female,46
627,209.109.172.130,,Valerie,Sparshett,vsparshetthe@unblog.fr,Male,99
628,253.141.0.175,,Briana,Dibben,bdibbenhf@last.fm,Male,99
629,3.186.245.114,,Marylou,Roscamp,mroscamphg@independent.co.uk,Female,97
630,26.100.161.214,,Isac,Cousin,icousinhh@flickr.com,Male,48
631,11.179.62.204,,Chrystel,Lammerding,clammerdinghi@shop-pro.jp,Male,46
632,175.135.123.227,,Georas,Writer,gwriterhj@facebook.com,Female,33
633,79.9.28.180,,Sascha,Benyon,sbenyonhk@mit.edu,Female,77
634,238.228.249.156,,Blair,Gregorin,bgregorinhl@dot.gov,Male,43
635,217.240.246.80,,Toinette,Chiddy,tchiddyhm@tripadvisor.com,Male,96
636,125.2.142.183,,Nancy,Sandercroft,nsandercrofthn@google.com.au,Female,40
637,235.75.70.58,,Lorne,Ducarne,lducarneho@icio.us,Female,77
638,171.142.113.11,,Arnoldo,Carous,acaroushp@fc2.com,Bigender,25
639,237.179.93.149,,Bernardine,Lomb,blombhq@marriott.com,Female,33
640,11.251.208.204,,Kip,Alcott,kalcotthr@webeden.co.uk,Female,97
641,43.106.33.76,,Thedrick,Emlen,temlenhs@flavors.me,Female,30
642,185.202.172.129,,Cesar,Gillam,cgillamht@who.int,Female,32
643,121.28.151.155,,Kayne,Episcopio,kepiscopiohu@google.com.au,Female,36
644,16.76.187.192,,Dacia,Espinay,despinayhv@blogs.com,Male,45
645,83.97.254.55,,Arielle,Hubach,ahubachhw@usnews.com,Female,32
646,232.223.213.179,,Ogdan,Lineen,olineenhx@taobao.com,Male,87
647,44.121.130.39,,Sydney,Bocking,sbockinghy@fema.gov,Genderfluid,55
648,17.206.59.168,,Silvanus,Harbron,sharbronhz@phoca.cz,Male,57
649,64.121.78.101,,Humphrey,Dungay,hdungayi0@ted.com,Male,50
650,203.146.91.31,,Adrianne,Goade,agoadei1@bizjournals.com,Polygender,28
651,157.225.201.239,,Torrey,Zarfai,tzarfaii2@opera.com,Male,60
652,238.213.235.70,,Hermia,O'Lunney,holunneyi3@usnews.com,Female,54
653,106.69.37.93,,Salvador,McKinstry,smckinstryi4@delicious.com,Female,32
654,228.197.132.107,,Wally,Trunks,wtrunksi5@yahoo.com,Male,91
655,37.241.35.41,,Alejandrina,Orgen,aorgeni6@deviantart.com,Female,26
656,234.205.21.18,,Cassie,Maides,cmaidesi7@macromedia.com,Female,72
657,228.6.62.114,,Mora,Janew,mjanewi8@printfriendly.com,Male,38
658,38.253.70.85,,Ernesto,Hughesdon,ehughesdoni9@blogger.com,Female,59
659,151.124.96.208,,Nat,Yushkin,nyushkinia@ucsd.edu,Male,77
660,4.179.122.114,,Cloris,Garford,cgarfordib@bizjournals.com,Female,81
661,225.154.137.39,,Darill,Winter,dwinteric@spotify.com,Female,79
662,244.247.1.57,,Itch,MacAvaddy,imacavaddyid@newsvine.com,Female,65
663,124.188.163.25,,Staford,O'Shevlin,soshevlinie@odnoklassniki.ru,Male,99
664,8.198.171.173,,Dreddy,Carnson,dcarnsonif@theguardian.com,Female,48
665,212.82.157.230,,Nat,Whiles,nwhilesig@twitpic.com,Female,42
666,117.147.106.17,,Matilde,Dishmon,mdishmonih@tuttocitta.it,Female,26
667,30.209.190.33,,Anni,Glenny,aglennyii@github.com,Male,48
668,237.53.140.50,,Dynah,Rontsch,drontschij@theatlantic.com,Male,92
669,228.38.31.139,,Tony,Balderson,tbaldersonik@china.com.cn,Male,58
670,42.100.203.128,,Sayers,Kmieciak,skmieciakil@cnet.com,Genderqueer,35
671,34.169.0.107,,Rayna,Tinto,rtintoim@webnode.com,Female,53
672,55.235.212.33,,Teresa,Dunlap,tdunlapin@jigsy.com,Male,27
673,119.24.147.96,,Janeva,Masic,jmasicio@mediafire.com,Male,84
674,4.161.27.71,,Quillan,Wakley,qwakleyip@psu.edu,Female,38
675,214.6.162.209,,Royall,Perrelli,rperrelliiq@princeton.edu,Male,98
676,169.185.183.56,,Theodosia,Cleyburn,tcleyburnir@dailymail.co.uk,Male,77
677,20.212.207.128,,Andrei,Clother,aclotheris@tuttocitta.it,Male,29
678,131.34.113.138,,Johanna,Ducarel,jducarelit@home.pl,Male,36
679,250.14.91.16,,Romeo,Ledwidge,rledwidgeiu@theguardian.com,Female,87
680,42.94.108.126,,Clarice,Beckensall,cbeckensalliv@businesswire.com,Female,72
681,7.207.18.98,,Robinett,Powderham,rpowderhamiw@accuweather.com,Male,74
682,130.226.105.18,,Francis,Tippett,ftippettix@4shared.com,Female,87
683,9.141.217.111,,Vidovic,Eynon,veynoniy@dion.ne.jp,Female,95
684,186.4.122.118,,Geoffrey,Polycote,gpolycoteiz@furl.net,Male,65
685,187.128.38.10,,Cherye,Menico,cmenicoj0@twitter.com,Female,41
686,0.53.80.228,,Cobby,Stanborough,cstanboroughj1@weebly.com,Bigender,76
687,60.121.47.148,,Candie,Hamlen,chamlenj2@loc.gov,Female,97
688,160.82.166.35,,Sandie,Goodricke,sgoodrickej3@digg.com,Female,58
689,3.125.248.130,,Rasia,Dillistone,rdillistonej4@storify.com,Female,34
690,200.110.35.17,,Allyce,Bernardo,abernardoj5@mit.edu,Female,74
691,85.204.121.151,,Scot,Dubble,sdubblej6@omniture.com,Male,84
692,191.143.23.108,,Daffi,Kingaby,dkingabyj7@dailymotion.com,Bigender,51
693,9.134.210.248,,Flynn,Norledge,fnorledgej8@jugem.jp,Male,82
694,11.75.139.239,,Rudie,Zavattieri,rzavattierij9@telegraph.co.uk,Female,29
695,91.218.160.54,,Basilius,Rosekilly,brosekillyja@github.com,Female,95
696,84.127.56.140,,Sari,Hanson,shansonjb@businessweek.com,Male,75
697,170.227.174.70,,Conan,Hubatsch,chubatschjc@sogou.com,Male,86
698,136.188.221.167,,Thain,Bolingbroke,tbolingbrokejd@apache.org,Female,28
699,71.25.13.75,,Mar,Lunn,mlunnje@businessweek.com,Female,56
700,145.115.135.221,,Eliot,Brizland,ebrizlandjf@berkeley.edu,Female,61
701,87.195.37.196,,Martica,Seabright,mseabrightjg@marketwatch.com,Male,92
702,209.178.53.211,,Gloria,Jovovic,gjovovicjh@ft.com,Male,79
703,107.115.153.247,,Karlotta,Blinerman,kblinermanji@cpanel.net,Non-binary,79
704,153.159.56.57,,Charla,Scroggins,cscrogginsjj@behance.net,Female,71
705,231.59.226.31,,Kati,Clineck,kclineckjk@sitemeter.com,Male,76
706,94.93.174.135,,Olivie,Fenlon,ofenlonjl@wp.com,Female,79
707,72.160.222.96,,Anthiathia,Friary,afriaryjm@reverbnation.com,Male,34
708,176.86.187.3,,Flossie,Ternault,fternaultjn@nasa.gov,Female,45
709,21.65.14.88,,Kelsy,Beales,kbealesjo@latimes.com,Female,67
710,245.169.11.203,,Katerina,Mangeney,kmangeneyjp@illinois.edu,Female,56
711,161.5.14.110,,Rosanne,Largent,rlargentjq@twitpic.com,Male,84
712,213.200.6.165,,Onida,Kearey,okeareyjr@ning.com,Male,94
713,29.4.9.1,,Enrika,Aronoff,earonoffjs@i2i.jp,Female,79
714,246.115.66.218,,Sophi,Killelea,skilleleajt@jiathis.com,Female,81
715,129.70.223.162,,Leyla,Cawse,lcawseju@cdc.gov,Male,62
716,85.250.134.72,,Carlen,Verissimo,cverissimojv@yelp.com,Female,31
717,26.112.51.188,,Nananne,Lawlor,nlawlorjw@wp.com,Male,43
718,42.86.185.232,,Justus,Guille,jguillejx@creativecommons.org,Female,86
719,63.93.27.153,,Hermy,Losty,hlostyjy@webeden.co.uk,Female,60
720,230.140.57.109,,Caria,Quixley,cquixleyjz@imdb.com,Male,91
721,44.184.197.111,,Lyndsay,Patington,lpatingtonk0@wunderground.com,Female,62
722,219.151.174.36,,Clementina,Lindegard,clindegardk1@plala.or.jp,Male,79
723,203.234.112.145,,Marybeth,Harvatt,mharvattk2@reverbnation.com,Male,80
724,24.126.182.209,,Ruthi,Ziem,rziemk3@thetimes.co.uk,Male,40
725,9.233.87.26,,Bennie,Dunguy,bdunguyk4@friendfeed.com,Male,95
726,179.94.230.22,,Marthe,Fawdery,mfawderyk5@jimdo.com,Female,61
727,44.161.243.130,,Thadeus,Stother,tstotherk6@wix.com,Male,86
728,175.252.33.124,,Peta,Retchford,pretchfordk7@e-recht24.de,Female,45
729,92.216.87.88,,Gilberta,Mil,gmilk8@spiegel.de,Male,67
730,170.186.222.177,,Brenn,Metzke,bmetzkek9@about.me,Female,52
731,189.35.77.165,,Welsh,Calendar,wcalendarka@wikispaces.com,Female,48
732,82.181.114.233,,Dunc,Brabham,dbrabhamkb@skype.com,Female,93
733,226.231.83.196,,Rand,Biagini,rbiaginikc@51.la,Male,47
734,156.241.154.114,,Davidson,Dimblebee,ddimblebeekd@wikipedia.org,Male,43
735,59.201.67.211,,Yale,Deeny,ydeenyke@dropbox.com,Female,69
736,200.178.47.190,,Pren,Gorner,pgornerkf@moonfruit.com,Agender,34
737,104.62.85.98,,Kata,Brandes,kbrandeskg@typepad.com,Female,66
738,213.160.26.115,,Rafa,Stubbings,rstubbingskh@tuttocitta.it,Male,44
739,250.125.196.34,,Darya,Lissimore,dlissimoreki@wix.com,Female,76
740,56.135.151.33,,Lonee,Horsted,lhorstedkj@google.cn,Male,65
741,38.199.212.50,,Jourdain,Eary,jearykk@bigcartel.com,Male,68
742,225.195.12.243,,Zaccaria,Autry,zautrykl@ezinearticles.com,Female,83
743,219.184.235.31,,Harp,Condie,hcondiekm@xinhuanet.com,Male,72
744,71.122.219.1,,Ashlee,Linnett,alinnettkn@prweb.com,Male,71
745,243.79.233.142,,Stepha,Bresnen,sbresnenko@dailymail.co.uk,Male,85
746,77.66.96.209,,Enrique,Storrier,estorrierkp@is.gd,Female,70
747,192.104.16.219,,Windy,Roderighi,wroderighikq@google.cn,Female,88
748,81.65.45.172,,Archer,Arnaud,aarnaudkr@psu.edu,Male,65
749,209.45.83.51,,Dorey,Ouldred,douldredks@livejournal.com,Male,27
750,191.52.14.5,,Hagen,Glazebrook,hglazebrookkt@altervista.org,Bigender,62
751,239.197.26.251,,Elissa,Aveline,eavelineku@slate.com,Female,61
752,44.167.145.44,,Jo ann,Lintot,jlintotkv@china.com.cn,Female,97
753,203.187.158.101,,Roddie,Weben,rwebenkw@wordpress.org,Male,43
754,165.205.186.55,,Burgess,Brinded,bbrindedkx@ucla.edu,Agender,70
755,211.8.95.104,,Barty,Jaffa,bjaffaky@simplemachines.org,Female,53
756,102.216.252.194,,Dorris,Boog,dboogkz@nps.gov,Male,33
757,69.14.138.54,,Meggy,Perutto,mperuttol0@creativecommons.org,Male,74
758,71.55.138.164,,Phaidra,Robers,probersl1@so-net.ne.jp,Female,52
759,45.121.96.233,,Billie,MacIntyre,bmacintyrel2@java.com,Male,53
760,240.213.25.225,,Olivie,Chesser,ochesserl3@ask.com,Male,75
761,114.19.55.10,,Mattie,Wrefford,mwreffordl4@edublogs.org,Female,35
762,100.18.117.47,,Lulita,Fullager,lfullagerl5@phpbb.com,Female,36
763,124.109.229.252,,Cissy,Vogele,cvogelel6@nytimes.com,Male,71
764,31.207.136.74,,Julissa,Permain,jpermainl7@furl.net,Genderqueer,56
765,118.253.200.98,,Inna,Keenlayside,ikeenlaysidel8@amazon.co.uk,Female,26
766,237.182.65.247,,Andras,Bonde,abondel9@godaddy.com,Female,26
767,72.86.86.98,,Cordy,Ivison,civisonla@ibm.com,Female,29
768,120.72.109.229,,Fowler,McCarrison,fmccarrisonlb@google.ca,Male,94
769,250.73.171.189,,Michael,Pembry,mpembrylc@nasa.gov,Male,87
770,45.199.229.207,,Cynthy,MacFarlan,cmacfarlanld@360.cn,Male,82
771,57.52.13.156,,Baxie,Hutt,bhuttle@discuz.net,Male,75
772,64.103.98.133,,Randell,Gallatly,rgallatlylf@earthlink.net,Female,49
773,119.187.72.136,,Glori,Vyse,gvyselg@xing.com,Male,75
774,204.34.103.3,,Gradeigh,O'Connell,goconnelllh@ucla.edu,Female,80
775,186.194.135.122,,Nikolai,Pow,npowli@ucsd.edu,Male,54
776,244.81.24.28,,Cort,Naisbit,cnaisbitlj@fastcompany.com,Male,59
777,25.168.177.223,,Dicky,Joskowicz,djoskowiczlk@forbes.com,Male,30
778,223.204.60.219,,Sibelle,Weeks,sweeksll@instagram.com,Female,86
779,236.115.108.231,,Frans,O'Grogane,fogroganelm@blogs.com,Female,83
780,141.162.216.215,,Filberto,Saveall,fsaveallln@flavors.me,Female,57
781,108.145.225.207,,Charlene,Crole,ccrolelo@mediafire.com,Female,45
782,64.153.222.4,,Auria,Gould,agouldlp@biglobe.ne.jp,Male,45
783,6.242.199.187,,Ianthe,Gomar,igomarlq@vkontakte.ru,Male,42
784,243.60.17.196,,Leeann,Rettie,lrettielr@intel.com,Female,51
785,173.125.189.121,,Pammy,Howen,phowenls@slate.com,Male,85
786,97.197.13.244,,Felita,Joss,fjosslt@time.com,Male,31
787,186.190.128.7,,Port,Heal,pheallu@google.cn,Female,55
788,58.142.134.61,,Conni,Jakaway,cjakawaylv@stumbleupon.com,Female,71
789,44.203.4.238,,Bernie,Greally,bgreallylw@ihg.com,Male,26
790,228.60.67.95,,Roger,MacConneely,rmacconneelylx@mashable.com,Female,90
791,68.8.52.20,,Nissie,Methringham,nmethringhamly@instagram.com,Polygender,73
792,41.162.0.5,,Marchelle,Challen,mchallenlz@sina.com.cn,Female,74
793,17.24.223.146,,Durant,Brookton,dbrooktonm0@twitter.com,Male,29
794,222.117.97.184,,Selestina,Soff,ssoffm1@alibaba.com,Female,42
795,149.161.157.155,,Alfonso,Rebanks,arebanksm2@vistaprint.com,Female,32
796,234.119.135.73,,Conchita,Mellodey,cmellodeym3@people.com.cn,Female,80
797,0.104.141.206,,Deedee,Copins,dcopinsm4@dion.ne.jp,Bigender,73
798,90.178.160.188,,Abbott,Christofle,achristoflem5@homestead.com,Male,74
799,97.189.164.225,,Galvan,Trunkfield,gtrunkfieldm6@canalblog.com,Male,63
800,16.57.154.81,,Corrie,Stanfield,cstanfieldm7@si.edu,Male,42
801,198.147.34.59,,Randi,Claesens,rclaesensm8@paypal.com,Male,59
802,65.88.235.34,,Ritchie,Bolver,rbolverm9@flavors.me,Male,84
803,134.71.21.61,,Gunter,Hayford,ghayfordma@naver.com,Female,34
804,24.109.102.80,,Nikolaus,Lowthian,nlowthianmb@de.vu,Female,80
805,7.163.154.113,,Ephraim,Keningley,ekeningleymc@github.io,Bigender,64
806,132.63.238.234,,Jesus,Kretchmer,jkretchmermd@cmu.edu,Female,75
807,116.180.26.15,,Amalea,Van der Veldt,avanderveldtme@google.com.hk,Female,36
808,79.132.54.14,,Johna,Philipsson,jphilipssonmf@biglobe.ne.jp,Male,72
809,176.174.135.133,,Dorise,Skitterel,dskitterelmg@yellowbook.com,Female,40
810,109.227.150.216,,Dix,de Clerk,ddeclerkmh@jiathis.com,Female,33
811,139.60.166.27,,Roz,Roden,rrodenmi@nyu.edu,Female,65
812,225.2.141.38,,Ermengarde,Maltster,emaltstermj@artisteer.com,Male,56
813,47.200.218.212,,Mattie,Armatage,marmatagemk@domainmarket.com,Male,44
814,76.141.19.121,,Robbyn,Haughan,rhaughanml@sciencedaily.com,Female,72
815,251.255.217.197,,Kate,Rodge,krodgemm@tripod.com,Male,96
816,10.146.202.164,,Flori,Denisovo,fdenisovomn@forbes.com,Male,91
817,189.4.226.182,,Tomkin,Firminger,tfirmingermo@google.fr,Polygender,30
818,88.29.10.207,,Bel,Castillon,bcastillonmp@trellian.com,Female,84
819,77.33.89.126,,Collette,Mafham,cmafhammq@opera.com,Male,62
820,39.64.15.109,,Edy,Lapidus,elapidusmr@springer.com,Non-binary,66
821,193.22.148.77,,Iorgo,Bannister,ibannisterms@angelfire.com,Female,84
822,211.135.217.126,,Henrie,Birbeck,hbirbeckmt@alibaba.com,Female,35
823,112.238.124.248,,Augie,Tarquini,atarquinimu@weebly.com,Female,44
824,239.194.246.186,,Conway,Krystek,ckrystekmv@livejournal.com,Female,76
825,68.129.237.15,,Guss,Grouer,ggrouermw@livejournal.com,Female,34
826,129.163.228.126,,Stanwood,Crinion,scrinionmx@macromedia.com,Female,66
827,253.178.208.134,,Robinett,Moat,rmoatmy@economist.com,Female,38
828,252.30.27.169,,Ferne,Wiffill,fwiffillmz@nytimes.com,Male,64
829,122.114.89.53,,Quintus,Ranns,qrannsn0@wikimedia.org,Male,89
830,155.121.114.56,,Hillary,Orteu,horteun1@mac.com,Male,36
831,254.180.9.245,,Aretha,Cowdry,acowdryn2@un.org,Female,81
832,104.144.164.106,,Meade,Branno,mbrannon3@illinois.edu,Male,92
833,126.153.127.128,,Neil,Moran,nmorann4@aol.com,Male,39
834,248.186.120.134,,Dorthy,Brotherick,dbrotherickn5@symantec.com,Female,40
835,142.195.88.70,,Anica,Pryde,apryden6@yahoo.co.jp,Female,79
836,180.220.123.226,,De,Gotch,dgotchn7@xinhuanet.com,Female,40
837,239.221.64.40,,Dorena,Reynish,dreynishn8@eventbrite.com,Female,99
838,200.117.126.118,,Mathe,Foucar,mfoucarn9@tripod.com,Female,78
839,133.216.54.217,,Grissel,Keningham,gkeninghamna@ehow.com,Female,83
840,216.65.159.190,,Andrey,Ennion,aennionnb@reddit.com,Male,98
841,138.40.159.137,,Leeland,Yantsev,lyantsevnc@europa.eu,Female,65
842,130.154.209.195,,Marc,O'Rourke,morourkend@army.mil,Female,50
843,99.81.208.149,,Elene,Hegg,eheggne@acquirethisname.com,Male,69
844,122.19.44.230,,Eleonora,Dalzell,edalzellnf@exblog.jp,Female,69
845,182.212.242.6,,Sharla,Martino,smartinong@about.com,Female,53
846,154.139.14.208,,Cammie,Griffitts,cgriffittsnh@businesswire.com,Female,69
847,62.115.30.101,,Suellen,Tritton,strittonni@reddit.com,Female,75
848,93.88.120.56,,Barnett,Camplejohn,bcamplejohnnj@storify.com,Male,48
849,94.253.132.88,,Kippar,Maggill'Andreis,kmaggillandreisnk@ucoz.com,Female,30
850,85.91.163.207,,Miller,Swain,mswainnl@bbc.co.uk,Female,83
851,82.198.73.120,,Chariot,De Maria,cdemarianm@patch.com,Female,77
852,173.17.110.247,,Devlen,Corrado,dcorradonn@wikia.com,Female,96
853,34.77.21.254,,Charla,Vickar,cvickarno@wunderground.com,Male,53
854,43.123.186.226,,Katusha,Harbin,kharbinnp@hubpages.com,Male,64
855,88.144.245.97,,Hildegaard,Isabell,hisabellnq@reuters.com,Male,63
856,116.194.117.140,,Dudley,Veazey,dveazeynr@chron.com,Male,89
857,101.207.19.161,,Timothy,Cholwell,tcholwellns@is.gd,Female,96
858,198.176.225.232,,Kerrin,Shalloo,kshalloont@nhs.uk,Bigender,66
859,63.157.234.110,,Linda,Mallison,lmallisonnu@slashdot.org,Female,75
860,26.33.159.10,,Rhodie,Prettyjohns,rprettyjohnsnv@eepurl.com,Male,63
861,56.246.150.9,,Aleta,Nuttey,anutteynw@abc.net.au,Male,25
862,238.154.94.181,,Staffard,Adrien,sadriennx@nydailynews.com,Male,76
863,174.123.69.204,,Beryle,Awmack,bawmackny@friendfeed.com,Male,62
864,78.198.202.5,,Neilla,MacGettigen,nmacgettigennz@dell.com,Male,76
865,6.9.95.194,,Tybalt,Treneman,ttrenemano0@msu.edu,Male,53
866,224.143.132.183,,Sebastiano,Paradine,sparadineo1@cisco.com,Female,98
867,36.63.181.170,,Gabriel,Sigart,gsigarto2@oakley.com,Male,43
868,174.80.24.2,,Leonid,Alflat,lalflato3@alexa.com,Male,83
869,102.39.220.213,,Adham,Christy,achristyo4@cbc.ca,Female,42
870,243.181.80.75,,Genovera,Borland,gborlando5@list-manage.com,Female,54
871,189.85.200.183,,Kennan,Kilbane,kkilbaneo6@uiuc.edu,Male,46
872,106.115.226.32,,Cherie,Cattellion,ccattelliono7@bizjournals.com,Female,47
873,184.149.166.157,,Jerrie,Hutchings,jhutchingso8@chicagotribune.com,Genderfluid,26
874,249.166.113.84,,Leshia,Duer,lduero9@com.com,Female,27
875,76.208.216.237,,Janeta,Vern,jvernoa@wordpress.com,Male,85
876,227.115.149.57,,Linn,Mungan,lmunganob@geocities.com,Bigender,53
877,217.155.215.103,,Pammi,Wenham,pwenhamoc@wix.com,Female,100
878,208.229.218.96,,Grantham,Curm,gcurmod@paypal.com,Female,61
879,19.255.119.156,,Piper,Pietruszka,ppietruszkaoe@meetup.com,Male,33
880,140.195.124.58,,Timmie,Richen,trichenof@omniture.com,Male,75
881,175.246.155.244,,Nev,Abry,nabryog@tripod.com,Female,36
882,235.95.130.156,,Elsie,Chavrin,echavrinoh@creativecommons.org,Male,79
883,160.235.245.109,,Brear,Peto,bpetooi@ft.com,Female,50
884,105.219.13.179,,Marianne,Selvey,mselveyoj@privacy.gov.au,Male,88
885,78.219.128.243,,Huntlee,MacNucator,hmacnucatorok@usnews.com,Male,55
886,111.243.7.202,,Dinnie,Cranmere,dcranmereol@live.com,Male,80
887,217.59.160.215,,Adam,Baike,abaikeom@drupal.org,Female,94
888,210.212.44.17,,Sayre,Eller,selleron@twitpic.com,Male,89
889,69.102.15.211,,Annora,Sharrard,asharrardoo@ebay.co.uk,Male,59
890,194.42.248.10,,Flory,Burgisi,fburgisiop@ow.ly,Female,69
891,143.169.34.32,,Sheri,Cully,scullyoq@cornell.edu,Female,88
892,60.208.182.252,,Drona,Daveren,ddaverenor@weebly.com,Female,30
893,191.62.49.98,,Will,Le Ball,wleballos@youtube.com,Male,86
894,92.44.245.184,,Devora,Yarrall,dyarrallot@gmpg.org,Female,65
895,38.68.170.153,,Kendricks,Ballam,kballamou@dmoz.org,Female,74
896,227.102.132.35,,Lou,Edgeler,ledgelerov@prnewswire.com,Female,45
897,38.199.15.149,,Alair,Long,alongow@admin.ch,Female,36
898,161.83.3.56,,Keeley,Paolicchi,kpaolicchiox@liveinternet.ru,Bigender,62
899,114.160.151.69,,Maddi,Shawcroft,mshawcroftoy@squarespace.com,Female,78
900,180.196.201.244,,Reina,Wemyss,rwemyssoz@sfgate.com,Male,48
901,48.90.226.247,,Hendrika,Moss,hmossp0@zdnet.com,Male,48
902,249.183.69.234,,Dorothy,Bertolaccini,dbertolaccinip1@reverbnation.com,Female,50
903,16.146.37.227,,Roshelle,Kohrsen,rkohrsenp2@dagondesign.com,Male,64
904,172.179.96.167,,Abraham,Bengochea,abengocheap3@infoseek.co.jp,Male,98
905,47.129.56.206,,Anabel,Heinicke,aheinickep4@netlog.com,Male,91
906,6.91.95.126,,Price,Barbrook,pbarbrookp5@yale.edu,Male,25
907,1.226.164.170,,Octavia,Goggen,ogoggenp6@cloudflare.com,Female,87
908,219.184.72.80,,Rhys,Proswell,rproswellp7@utexas.edu,Female,84
909,74.199.139.27,,Lacy,Westfalen,lwestfalenp8@networksolutions.com,Female,36
910,43.252.226.109,,Man,Grene,mgrenep9@uol.com.br,Male,93
911,255.147.119.230,,Ashley,McPhelimy,amcphelimypa@blog.com,Male,77
912,178.130.85.242,,Sherwynd,Lody,slodypb@marriott.com,Female,71
913,249.100.182.233,,Reiko,Lawlie,rlawliepc@moonfruit.com,Male,82
914,137.241.176.165,,Marlowe,Irvin,mirvinpd@google.cn,Male,41
915,27.184.74.13,,Rhody,Thomson,rthomsonpe@aol.com,Female,42
916,104.185.249.202,,Cherish,Gawith,cgawithpf@cmu.edu,Male,42
917,190.231.228.78,,Lonna,Stummeyer,lstummeyerpg@disqus.com,Genderfluid,69
918,232.190.176.160,,Ertha,Hinckley,ehinckleyph@t-online.de,Female,100
919,167.57.130.147,,Bobine,Dudgeon,bdudgeonpi@sourceforge.net,Male,99
920,157.155.217.56,,Christa,Maddox,cmaddoxpj@adobe.com,Male,43
921,34.223.215.176,,Drusi,Franek,dfranekpk@marriott.com,Male,32
922,127.61.138.160,,Mureil,Faireclough,mfairecloughpl@harvard.edu,Female,29
923,62.92.218.115,,Dione,Trigwell,dtrigwellpm@google.it,Female,26
924,140.143.119.195,,Sax,Miners,sminerspn@xrea.com,Male,96
925,98.191.220.161,,Fran,Caslane,fcaslanepo@yahoo.com,Bigender,39
926,117.102.240.34,,Geoffry,Cummine,gcumminepp@mtv.com,Male,53
927,4.104.216.51,,Carley,Wittleton,cwittletonpq@squidoo.com,Female,55
928,52.100.110.108,,Ferne,Spowage,fspowagepr@vinaora.com,Male,69
929,52.201.242.108,,Eb,Gare,egareps@deviantart.com,Male,57
930,215.37.119.31,,Bernie,Worssam,bworssampt@miibeian.gov.cn,Male,79
931,188.97.171.17,,Chery,Desson,cdessonpu@cnet.com,Female,47
932,167.10.144.232,,Uriah,Blas,ublaspv@freewebs.com,Male,72
933,53.197.177.67,,Nealson,Curtin,ncurtinpw@arizona.edu,Male,31
934,249.152.227.214,,Erin,Gidley,egidleypx@tamu.edu,Male,99
935,215.158.47.130,,Dame,Longworth,dlongworthpy@shutterfly.com,Male,30
936,195.38.48.235,,Tuck,Aslam,taslampz@who.int,Female,97
937,210.61.104.139,,Niles,Dyzart,ndyzartq0@nps.gov,Male,29
938,144.213.1.195,,Amos,Aspel,aaspelq1@naver.com,Female,70
939,112.60.202.238,,Doy,Drysdale,ddrysdaleq2@hexun.com,Polygender,29
940,99.253.33.83,,Lowe,Cobain,lcobainq3@bandcamp.com,Genderqueer,46
941,201.34.134.15,,Chrysa,Carmont,ccarmontq4@a8.net,Female,63
942,224.85.179.221,,Geneva,Clace,gclaceq5@fc2.com,Bigender,74
943,78.89.157.32,,Rossie,Ralfe,rralfeq6@gravatar.com,Female,85
944,121.45.187.131,,Roxine,Betteridge,rbetteridgeq7@sakura.ne.jp,Genderqueer,55
945,239.196.95.148,,Anna-diana,Dumbellow,adumbellowq8@gizmodo.com,Male,30
946,76.72.23.66,,Dianemarie,Vooght,dvooghtq9@walmart.com,Male,43
947,84.211.111.123,,Stephanie,Winning,swinningqa@g.co,Female,99
948,142.67.49.113,,Abbey,Salvadore,asalvadoreqb@163.com,Female,55
949,228.85.100.152,,Ole,Dron,odronqc@hugedomains.com,Male,83
950,249.222.126.49,,Tasha,Hydes,thydesqd@nydailynews.com,Male,30
951,166.203.96.232,,Vassily,Le Barr,vlebarrqe@ifeng.com,Male,34
952,83.202.7.155,,Sebastiano,Metcalf,smetcalfqf@cafepress.com,Male,66
953,253.167.72.127,,Adora,Somes,asomesqg@bizjournals.com,Male,59
954,196.243.205.224,,Avrom,Linsay,alinsayqh@twitpic.com,Female,90
955,150.223.68.88,,Claudine,Tante,ctanteqi@google.cn,Male,29
956,252.122.109.79,,Blinnie,Gaukrodge,bgaukrodgeqj@issuu.com,Male,61
957,64.44.95.28,,Hilton,McCullen,hmccullenqk@theguardian.com,Male,75
958,184.125.75.114,,Alon,Murtimer,amurtimerql@privacy.gov.au,Female,66
959,230.82.93.198,,Myrtie,Owens,mowensqm@about.com,Male,79
960,176.168.207.128,,Milli,Bourne,mbourneqn@baidu.com,Bigender,33
961,72.250.101.190,,Elliott,Noble,enobleqo@github.com,Female,64
962,175.185.136.211,,Arlena,Coughan,acoughanqp@sitemeter.com,Male,73
963,207.88.198.145,,Sal,Eddicott,seddicottqq@xinhuanet.com,Female,54
964,239.47.24.173,,Veronika,Edlin,vedlinqr@dion.ne.jp,Female,36
965,15.32.18.234,,Guillema,Gillespey,ggillespeyqs@privacy.gov.au,Male,29
966,52.38.91.162,,Halsey,Priestman,hpriestmanqt@gov.uk,Female,50
967,112.1.249.215,,Ezequiel,Everill,eeverillqu@wsj.com,Female,58
968,64.237.137.28,,Pierette,Killingback,pkillingbackqv@godaddy.com,Male,93
969,79.197.51.127,,Nelson,Dalgarnocht,ndalgarnochtqw@illinois.edu,Male,47
970,83.219.91.174,,Cal,Frear,cfrearqx@wiley.com,Male,90
971,182.60.67.134,,Nonie,Chapellow,nchapellowqy@ted.com,Female,42
972,237.156.53.34,,Regina,Kibbye,rkibbyeqz@thetimes.co.uk,Female,29
973,128.179.125.250,,Hans,Besque,hbesquer0@fda.gov,Male,66
974,108.36.203.227,,Demeter,Phifer,dphiferr1@delicious.com,Female,80
975,63.21.119.190,,Susannah,Brosch,sbroschr2@businessinsider.com,Female,73
976,157.155.140.44,,Taber,Flaonier,tflaonierr3@ask.com,Male,78
977,63.32.150.44,,Katleen,Brien,kbrienr4@bandcamp.com,Male,89
978,204.73.65.122,,Farrand,Cleverley,fcleverleyr5@google.nl,Female,95
979,213.227.188.170,,Brenn,Maharry,bmaharryr6@shutterfly.com,Female,49
980,167.67.118.118,,Jerrold,Goucher,jgoucherr7@bluehost.com,Male,71
981,109.182.251.193,,Gwenora,Gronauer,ggronauerr8@com.com,Female,69
982,110.22.26.134,,Myranda,Ludewig,mludewigr9@1und1.de,Male,34
983,120.139.36.179,,Sileas,Moehler,smoehlerra@smugmug.com,Male,48
984,84.134.2.104,,Ronald,Bissell,rbissellrb@cnbc.com,Genderfluid,97
985,210.156.155.247,,Boonie,Ivashintsov,bivashintsovrc@amazon.com,Female,29
986,228.17.135.11,,Vale,Wickie,vwickierd@jigsy.com,Male,66
987,108.93.57.154,,Eugine,Ivanenkov,eivanenkovre@t.co,Male,39
988,169.207.15.192,,Gib,Dabs,gdabsrf@ifeng.com,Female,53
989,219.158.118.83,,Marlene,Piche,mpicherg@fastcompany.com,Male,80
990,193.78.12.150,,Coraline,Spenclay,cspenclayrh@nhs.uk,Female,67
991,217.178.87.0,,Emma,Ashwell,eashwellri@skype.com,Male,41
992,25.216.244.107,,Ransom,Bosworth,rbosworthrj@google.cn,Male,84
993,17.80.49.96,,Had,McDuall,hmcduallrk@sogou.com,Female,96
994,34.115.146.221,,Lotti,Fanshaw,lfanshawrl@list-manage.com,Agender,31
995,62.56.179.36,,Brandon,Lapidus,blapidusrm@networkadvertising.org,Female,64
996,20.251.88.29,,Nahum,Popping,npoppingrn@trellian.com,Female,34
997,211.162.129.154,,Sondra,Davioud,sdavioudro@qq.com,Female,86
998,123.113.45.28,,Lucia,Arran,larranrp@msu.edu,Female,72
999,143.192.57.168,,Arnie,Dashper,adashperrq@tripod.com,Female,89
1000,232.191.211.91,,Evangelin,MacGray,emacgrayrr@toplist.cz,Male,46
